lambda,state,n_sn,read_acc_per_sn,read_acc_total,read_inj_per_sn,read_inj_total,read_util,read_flat,write_acc_per_sn,write_acc_total,write_inj_per_sn,write_inj_total,write_util,write_flat
0.005,ok,4,0.21093736,0.84374944,0.21106249,0.84424996,0.21093736,34.8607,0.0,0,0.0,0,0.0,
0.01,ok,4,0.40893731,1.63574924,0.40981236000000004,1.6392494400000002,0.40893731,35.7094,0.0,0,0.0,0,0.0,
0.02,UNSTBL,4,0.641001,2.564004,0.6397497,2.5589988,0.641001,43.123599999999996,0.0,0,0.0,0,0.0,
